,Stamps
0,1654152606.4811647
1,1654152635.0281882
2,1654152637.3708897
3,1654152639.900433
4,1654152642.5502813
5,1654152644.990043
6,1654152647.66849
7,1654152650.2305434
8,1654152652.7054806
9,1654152655.4493248
10,1654152658.1371264
11,1654152660.856926
12,1654152663.016692
13,1654152665.3678687
14,1654152667.8717346
15,1654152670.3442636
16,1654152672.8413053
17,1654152675.3835413
18,1654152677.9409518
19,1654152680.4346266
20,1654152682.9673264
21,1654152685.487079
22,1654152688.0186362
23,1654152690.4713254
24,1654152693.0090628
25,1654152696.1556313
26,1654152700.533019
27,1654152703.0735767
28,1654152704.0806687
29,1654152720.1046298
30,1654152722.1487477
31,1654152724.2828095
32,1654152726.312568
33,1654152729.312125
34,1654152737.6759644
35,1654152740.321492
36,1654152743.8918118
37,1654152746.5402935
38,1654152750.8394969
39,1654152753.302918
40,1654152766.1251032
41,1654152769.928839
42,1654152778.6868627
43,1654152780.8700511
44,1654152785.2178075
45,1654152787.2802489
46,1654152792.1184494
47,1654152796.153183
48,1654152798.7220135
49,1654152801.2331626
50,1654152808.4115605
51,1654152812.3142989
52,1654152814.824523
53,1654152817.5040348
54,1654152820.0371587
55,1654152822.5839365
56,1654152825.1692038
57,1654152827.7122288
58,1654152830.1441386
59,1654152832.488198
60,1654152840.3606818
61,1654152846.5131323
62,1654152851.3839796
63,1654152853.4169781
64,1654152855.387168
65,1654152857.547547
66,1654152859.4335182
67,1654152861.5584028
68,1654152865.209859
69,1654152867.1078146
70,1654152870.5295532
71,1654152872.518952
72,1654152874.541974
73,1654152876.5805902
74,1654152878.6268787
75,1654152880.6973338
76,1654152882.7865136
77,1654152884.7225547
78,1654152886.8266366
79,1654152888.8139439
80,1654152890.8824232
81,1654152892.900909
82,1654152894.9653842
83,1654152897.0356114
84,1654152899.0638409
85,1654152908.960155
86,1654152914.9746573
87,1654152919.6046357
88,1654152930.004126
89,1654152937.8661292
90,1654152941.0337906
91,1654152944.2693565
92,1654152947.3364983
93,1654152950.446408
94,1654152953.6171973
95,1654152956.70557
96,1654152959.9272983
97,1654152963.070404
98,1654152966.2320106
99,1654152969.3557694
100,1654152972.6083443
101,1654152975.684281
102,1654152978.685854
103,1654152981.6643033
104,1654152984.609256
105,1654152986.0820713
106,1654152987.0116384
107,1654153003.6369047
108,1654153004.4040956
109,1654153006.1773403
110,1654153008.4113984
111,1654153009.7772284
112,1654153012.0408418
113,1654153014.5772448
114,1654153017.5102177
115,1654153018.6266243
116,1654153022.6278846
117,1654153025.3334706
118,1654153027.7434046
119,1654153030.2721899
120,1654153032.9481647
121,1654153035.5059173
122,1654153037.9608452
123,1654153040.5068033
124,1654153043.053921
125,1654153045.6238346
126,1654153048.1723177
127,1654153050.8305123
128,1654153053.333908
129,1654153056.053629
130,1654153063.5224895
131,1654153065.944185
132,1654153068.4693058
133,1654153071.0607631
134,1654153074.6786113
135,1654153077.2261796
136,1654153079.8726916
137,1654153082.5368366
138,1654153085.0004485
139,1654153089.898058
140,1654153093.5593674
141,1654153098.5617988
142,1654153101.4326723
143,1654153104.8398154
144,1654153117.849147
145,1654153120.151257
146,1654153123.4256997
147,1654153128.9594734
148,1654153131.3462212
149,1654153133.9657297
150,1654153136.4471872
151,1654153139.0239897
152,1654153141.5580513
153,1654153148.5780826
154,1654153151.0968964
155,1654153153.8688161
156,1654153156.4298868
157,1654153159.4890618
158,1654153162.1398137
159,1654153164.792753
160,1654153168.160539
161,1654153172.4718227
162,1654153174.4959548
163,1654153176.6074927
164,1654153178.5964794
165,1654153180.6415462
166,1654153182.6278493
167,1654153184.7054074
168,1654153186.6963608
169,1654153188.7694347
170,1654153190.750069
171,1654153192.8042502
172,1654153194.8258464
173,1654153196.9011059
174,1654153198.9388099
175,1654153201.0416012
176,1654153206.0787525
177,1654153208.84158
178,1654153211.5023074
179,1654153214.1759932
180,1654153216.8702078
181,1654153219.5198874
182,1654153222.1371417
183,1654153224.7418604
184,1654153227.3751948
185,1654153229.8620422
186,1654153231.8126125
187,1654153234.3651688
188,1654153236.9613314
189,1654153238.9427211
190,1654153241.7690144
191,1654153245.1473055
192,1654153248.275468
193,1654153250.8929083
194,1654153253.4991019
195,1654153256.35405
196,1654153259.4075963
197,1654153263.744684
